{
  "Strain_microstrain": {
    "mean": -0.2569197169846476,
    "std": 0.7755534793931915,
    "iqr_lower": -2.3304679930797443,
    "iqr_upper": 1.680884895757612,
    "z_lower": -2.5835801551642223,
    "z_upper": 2.0697407211949272
  },
  "Deflection_mm": {
    "mean": -0.2766754233172476,
    "std": 0.7074587554168967,
    "iqr_lower": -2.487544210076986,
    "iqr_upper": 2.0018778001268,
    "z_lower": -2.3990516895679375,
    "z_upper": 1.8457008429334425
  },
  "Vibration_ms2": {
    "mean": -0.1930354807350777,
    "std": 0.8936785963686742,
    "iqr_lower": -2.8060859318453053,
    "iqr_upper": 2.3277481135820106,
    "z_lower": -2.8740712698411004,
    "z_upper": 2.488000308370945
  },
  "Tilt_deg": {
    "mean": -0.2796216416463337,
    "std": 0.7044096990958731,
    "iqr_lower": -1.921275700030312,
    "iqr_upper": 1.2800443048327328,
    "z_lower": -2.392850738933953,
    "z_upper": 1.8336074556412856
  },
  "Displacement_mm": {
    "mean": -0.19337702926945724,
    "std": 0.9009721434417085,
    "iqr_lower": -2.748223139406607,
    "iqr_upper": 2.243152813652329,
    "z_lower": -2.896293459594583,
    "z_upper": 2.509539401055668
  },
  "Crack_Propagation_mm": {
    "mean": 0.002503042280277839,
    "std": 0.9997093043714625,
    "iqr_lower": -3.459312581412913,
    "iqr_upper": 3.4658484229398665,
    "z_lower": -2.99662487083411,
    "z_upper": 3.0016309553946656
  },
  "Corrosion_Level_percent": {
    "mean": 0.0026169276623092146,
    "std": 0.9995159154020327,
    "iqr_lower": -3.4515273714166907,
    "iqr_upper": 3.456013914611818,
    "z_lower": -2.9959308185437887,
    "z_upper": 3.0011646738684075
  },
  "Cable_Member_Tension_kN": {
    "mean": -0.2207221803261311,
    "std": 0.8553946815225194,
    "iqr_lower": -2.6812396130605074,
    "iqr_upper": 2.093332500260798,
    "z_lower": -2.7869062248936896,
    "z_upper": 2.345461864241427
  },
  "Bearing_Joint_Forces_kN": {
    "mean": -0.21716555734757037,
    "std": 0.8675222735283823,
    "iqr_lower": -2.714997092025784,
    "iqr_upper": 2.1334815035368053,
    "z_lower": -2.8197323779327172,
    "z_upper": 2.3854012632375765
  },
  "Fatigue_Accumulation_au": {
    "mean": 0.002612354227316952,
    "std": 0.9996391057209465,
    "iqr_lower": -3.459372226085005,
    "iqr_upper": 3.46467932352817,
    "z_lower": -2.9963049629355227,
    "z_upper": 3.0015296713901565
  },
  "Modal_Frequency_Hz": {
    "mean": 0.006770412688727267,
    "std": 1.0448445911416364,
    "iqr_lower": -3.0908435002330634,
    "iqr_upper": 3.1380218927097845,
    "z_lower": -3.127763360736182,
    "z_upper": 3.1413041861136364
  },
  "Temperature_C": {
    "mean": 0.021027455940507502,
    "std": 1.0459111474842149,
    "iqr_lower": -3.4002447889387066,
    "iqr_upper": 3.44130404196919,
    "z_lower": -3.116705986512137,
    "z_upper": 3.1587608983931523
  },
  "Humidity_percent": {
    "mean": -0.030984250276055843,
    "std": 1.038852856460976,
    "iqr_lower": -4.102030052737253,
    "iqr_upper": 4.064453455676726,
    "z_lower": -3.147542819658984,
    "z_upper": 3.085574319106872
  },
  "Wind_Speed_ms": {
    "mean": -0.031042670193024223,
    "std": 1.0014607773696256,
    "iqr_lower": -3.1382686774212836,
    "iqr_upper": 3.0705686878527496,
    "z_lower": -3.0354250023019014,
    "z_upper": 2.9733396619158525
  },
  "Vehicle_Load_tons": {
    "mean": -0.220076880795053,
    "std": 0.8635672244443027,
    "iqr_lower": -2.6822822565945614,
    "iqr_upper": 2.0990334543498923,
    "z_lower": -2.810778554127961,
    "z_upper": 2.3706247925378547
  },
  "Acoustic_Emissions_levels": {
    "mean": -0.006589968790475537,
    "std": 0.9972135228523704,
    "iqr_lower": -3.832029571962711,
    "iqr_upper": 3.81852464257837,
    "z_lower": -2.9982305373475864,
    "z_upper": 2.9850505997666357
  }
}